CREATE DATABASE  IF NOT EXISTS `dgt2` /*!40100 DEFAULT CHARACTER SET utf8 */;
USE `dgt2`;
-- MySQL dump 10.13  Distrib 8.0.12, for Win64 (x86_64)
--
-- Host: localhost    Database: dgt2
-- ------------------------------------------------------
-- Server version	8.0.12

/*!40101 SET @OLD_CHARACTER_SET_CLIENT=@@CHARACTER_SET_CLIENT */;
/*!40101 SET @OLD_CHARACTER_SET_RESULTS=@@CHARACTER_SET_RESULTS */;
/*!40101 SET @OLD_COLLATION_CONNECTION=@@COLLATION_CONNECTION */;
 SET NAMES utf8 ;
/*!40103 SET @OLD_TIME_ZONE=@@TIME_ZONE */;
/*!40103 SET TIME_ZONE='+00:00' */;
/*!40014 SET @OLD_UNIQUE_CHECKS=@@UNIQUE_CHECKS, UNIQUE_CHECKS=0 */;
/*!40014 SET @OLD_FOREIGN_KEY_CHECKS=@@FOREIGN_KEY_CHECKS, FOREIGN_KEY_CHECKS=0 */;
/*!40101 SET @OLD_SQL_MODE=@@SQL_MODE, SQL_MODE='NO_AUTO_VALUE_ON_ZERO' */;
/*!40111 SET @OLD_SQL_NOTES=@@SQL_NOTES, SQL_NOTES=0 */;

--
-- Table structure for table `agente`
--

DROP TABLE IF EXISTS `agente`;
/*!40101 SET @saved_cs_client     = @@character_set_client */;
 SET character_set_client = utf8mb4 ;
CREATE TABLE `agente` (
  `id` int(11) NOT NULL AUTO_INCREMENT,
  `nombre` varchar(45) NOT NULL,
  `placa` int(11) NOT NULL,
  `password` varchar(20) NOT NULL,
  PRIMARY KEY (`id`),
  UNIQUE KEY `placa_UNIQUE` (`placa`)
) ENGINE=InnoDB AUTO_INCREMENT=6 DEFAULT CHARSET=utf8;
/*!40101 SET character_set_client = @saved_cs_client */;

--
-- Dumping data for table `agente`
--

LOCK TABLES `agente` WRITE;
/*!40000 ALTER TABLE `agente` DISABLE KEYS */;
INSERT INTO `agente` VALUES (1,'Majonei',123456,'123456'),(2,'Johnny Walker',987654,'t45gt4w5t'),(3,'Monk',987321,'123456789'),(4,'Takelberry',987987,'987987'),(5,'Tontimmy',998776,'7miti76');
/*!40000 ALTER TABLE `agente` ENABLE KEYS */;
UNLOCK TABLES;
/*!50003 SET @saved_cs_client      = @@character_set_client */ ;
/*!50003 SET @saved_cs_results     = @@character_set_results */ ;
/*!50003 SET @saved_col_connection = @@collation_connection */ ;
/*!50003 SET character_set_client  = utf8mb4 */ ;
/*!50003 SET character_set_results = utf8mb4 */ ;
/*!50003 SET collation_connection  = utf8mb4_0900_ai_ci */ ;
/*!50003 SET @saved_sql_mode       = @@sql_mode */ ;
/*!50003 SET sql_mode              = 'STRICT_TRANS_TABLES,NO_ENGINE_SUBSTITUTION' */ ;
DELIMITER ;;
/*!50003 CREATE*/ /*!50017 DEFINER=`root`@`localhost`*/ /*!50003 TRIGGER `tbi_agente_comprobacion` BEFORE INSERT ON `agente` FOR EACH ROW BEGIN
	set new.nombre=trim(new.nombre);
    set new.password=trim(new.password);
END */;;
DELIMITER ;
/*!50003 SET sql_mode              = @saved_sql_mode */ ;
/*!50003 SET character_set_client  = @saved_cs_client */ ;
/*!50003 SET character_set_results = @saved_cs_results */ ;
/*!50003 SET collation_connection  = @saved_col_connection */ ;

--
-- Table structure for table `coche`
--

DROP TABLE IF EXISTS `coche`;
/*!40101 SET @saved_cs_client     = @@character_set_client */;
 SET character_set_client = utf8mb4 ;
CREATE TABLE `coche` (
  `id` int(11) NOT NULL AUTO_INCREMENT,
  `matricula` varchar(10) NOT NULL,
  `modelo` varchar(45) NOT NULL DEFAULT 'cuatro latas',
  `km` int(11) NOT NULL DEFAULT '0',
  `fecha_baja` date DEFAULT NULL,
  PRIMARY KEY (`id`),
  UNIQUE KEY `matricula_UNIQUE` (`matricula`)
) ENGINE=InnoDB AUTO_INCREMENT=110 DEFAULT CHARSET=utf8;
/*!40101 SET character_set_client = @saved_cs_client */;

--
-- Dumping data for table `coche`
--

LOCK TABLES `coche` WRITE;
/*!40000 ALTER TABLE `coche` DISABLE KEYS */;
INSERT INTO `coche` VALUES (1,'3548MKZ','Modelo1',1565856,NULL),(2,'9605EFH','Modelo2',1565856,NULL),(3,'5674MBD','Modelo3',1565856,NULL),(4,'BI000KM','Modelo4',1565856,NULL),(5,'VI000KM','Modelo5',1565856,'2019-01-29'),(107,'BI000KMj','Modelo6',150000,'2019-01-29');
/*!40000 ALTER TABLE `coche` ENABLE KEYS */;
UNLOCK TABLES;
/*!50003 SET @saved_cs_client      = @@character_set_client */ ;
/*!50003 SET @saved_cs_results     = @@character_set_results */ ;
/*!50003 SET @saved_col_connection = @@collation_connection */ ;
/*!50003 SET character_set_client  = utf8mb4 */ ;
/*!50003 SET character_set_results = utf8mb4 */ ;
/*!50003 SET collation_connection  = utf8mb4_0900_ai_ci */ ;
/*!50003 SET @saved_sql_mode       = @@sql_mode */ ;
/*!50003 SET sql_mode              = 'STRICT_TRANS_TABLES,NO_ENGINE_SUBSTITUTION' */ ;
DELIMITER ;;
/*!50003 CREATE*/ /*!50017 DEFINER=`root`@`localhost`*/ /*!50003 TRIGGER `tbi_coche_comprobaciones` BEFORE INSERT ON `coche` FOR EACH ROW BEGIN
	set new.matricula=trim(new.matricula);
    set new.modelo=trim(new.modelo);
END */;;
DELIMITER ;
/*!50003 SET sql_mode              = @saved_sql_mode */ ;
/*!50003 SET character_set_client  = @saved_cs_client */ ;
/*!50003 SET character_set_results = @saved_cs_results */ ;
/*!50003 SET collation_connection  = @saved_col_connection */ ;

--
-- Table structure for table `multa`
--

DROP TABLE IF EXISTS `multa`;
/*!40101 SET @saved_cs_client     = @@character_set_client */;
 SET character_set_client = utf8mb4 ;
CREATE TABLE `multa` (
  `id` int(11) NOT NULL AUTO_INCREMENT,
  `importe` float DEFAULT '50',
  `concepto` varchar(255) DEFAULT NULL,
  `fecha_alta` datetime DEFAULT CURRENT_TIMESTAMP,
  `id_coche` int(11) NOT NULL,
  `id_agente` int(11) NOT NULL,
  `fecha_mod` datetime DEFAULT NULL,
  `fecha_baja` datetime DEFAULT NULL,
  PRIMARY KEY (`id`),
  KEY `fk_multa_coches_idx` (`id_coche`) /*!80000 INVISIBLE */,
  KEY `fk__idx` (`id_agente`),
  CONSTRAINT `fk_multa_agente` FOREIGN KEY (`id_agente`) REFERENCES `agente` (`id`),
  CONSTRAINT `fk_multa_coches` FOREIGN KEY (`id_coche`) REFERENCES `coche` (`id`)
) ENGINE=InnoDB AUTO_INCREMENT=32 DEFAULT CHARSET=utf8;
/*!40101 SET character_set_client = @saved_cs_client */;

--
-- Dumping data for table `multa`
--

LOCK TABLES `multa` WRITE;
/*!40000 ALTER TABLE `multa` DISABLE KEYS */;
INSERT INTO `multa` VALUES (12,21.53,'234567876532weerewtrwywete','2018-09-14 10:25:30',1,4,NULL,NULL),(13,0,'por muy feo','2018-09-14 11:06:39',1,4,NULL,NULL),(14,500,'por muy feo','2018-08-14 13:02:47',1,4,NULL,NULL),(15,500.7,'vas mas borracho que el tato','2018-06-15 12:25:10',2,4,NULL,NULL),(16,500.7,'borrachuzo de mierda','2018-05-15 12:31:15',2,4,NULL,NULL),(17,500.7,'borrachuzo de mierda','2018-02-15 12:33:21',2,4,NULL,NULL),(18,500.7,'borrachuzo de mierda','2019-01-15 12:35:22',2,4,NULL,NULL),(19,500.7,'borrachuzo de mierda','2018-08-15 12:37:48',2,4,NULL,NULL),(20,500.7,'borrachuzo de mierda','2019-01-15 12:38:49',2,4,NULL,NULL),(21,500.7,'borrachuzo de mierda','2019-01-15 12:39:12',2,4,NULL,NULL),(22,500.7,'borrachuzo de mierda','2018-04-15 12:42:02',2,4,NULL,NULL),(23,500.7,'borrachuzo de mierda','2018-07-15 12:45:28',2,4,NULL,NULL),(24,500.7,'borrachuzo de mierda','2018-11-15 12:45:32',2,4,NULL,NULL),(25,500.7,'borrachuzo de mierda','2018-01-15 12:46:07',2,4,NULL,NULL),(26,500.7,'borrachuzo de mierda','2018-10-15 12:48:21',2,4,NULL,NULL),(27,500.7,'borrachuzo de mierda','2018-11-15 12:49:41',2,4,NULL,NULL),(28,456.6,'fdgrd','2018-12-16 09:21:46',2,4,NULL,NULL),(29,540.59,'aefwefwefwfewefwe','2018-12-17 12:08:48',1,1,NULL,NULL),(30,1445,'pruebaaaaaaa','2018-03-20 21:21:10',2,4,NULL,NULL),(31,0,'khfkesjh','2018-03-21 10:02:01',3,4,NULL,NULL);
/*!40000 ALTER TABLE `multa` ENABLE KEYS */;
UNLOCK TABLES;
/*!50003 SET @saved_cs_client      = @@character_set_client */ ;
/*!50003 SET @saved_cs_results     = @@character_set_results */ ;
/*!50003 SET @saved_col_connection = @@collation_connection */ ;
/*!50003 SET character_set_client  = utf8mb4 */ ;
/*!50003 SET character_set_results = utf8mb4 */ ;
/*!50003 SET collation_connection  = utf8mb4_0900_ai_ci */ ;
/*!50003 SET @saved_sql_mode       = @@sql_mode */ ;
/*!50003 SET sql_mode              = 'STRICT_TRANS_TABLES,NO_ENGINE_SUBSTITUTION' */ ;
DELIMITER ;;
/*!50003 CREATE*/ /*!50017 DEFINER=`root`@`localhost`*/ /*!50003 TRIGGER `tbi_multa_correcciones` BEFORE INSERT ON `multa` FOR EACH ROW BEGIN
	set new.concepto=trim(new.concepto);
END */;;
DELIMITER ;
/*!50003 SET sql_mode              = @saved_sql_mode */ ;
/*!50003 SET character_set_client  = @saved_cs_client */ ;
/*!50003 SET character_set_results = @saved_cs_results */ ;
/*!50003 SET collation_connection  = @saved_col_connection */ ;

--
-- Table structure for table `objetivo`
--

DROP TABLE IF EXISTS `objetivo`;
/*!40101 SET @saved_cs_client     = @@character_set_client */;
 SET character_set_client = utf8mb4 ;
CREATE TABLE `objetivo` (
  `id` int(11) NOT NULL AUTO_INCREMENT,
  `Anio` int(4) NOT NULL,
  `objetivo` float NOT NULL,
  PRIMARY KEY (`id`)
) ENGINE=InnoDB AUTO_INCREMENT=3 DEFAULT CHARSET=utf8 COMMENT='	';
/*!40101 SET character_set_client = @saved_cs_client */;

--
-- Dumping data for table `objetivo`
--

LOCK TABLES `objetivo` WRITE;
/*!40000 ALTER TABLE `objetivo` DISABLE KEYS */;
INSERT INTO `objetivo` VALUES (1,2018,12000),(2,2019,14400);
/*!40000 ALTER TABLE `objetivo` ENABLE KEYS */;
UNLOCK TABLES;

--
-- Dumping events for database 'dgt2'
--

--
-- Dumping routines for database 'dgt2'
--
/*!50003 DROP PROCEDURE IF EXISTS `pa_agente_getById` */;
/*!50003 SET @saved_cs_client      = @@character_set_client */ ;
/*!50003 SET @saved_cs_results     = @@character_set_results */ ;
/*!50003 SET @saved_col_connection = @@collation_connection */ ;
/*!50003 SET character_set_client  = utf8 */ ;
/*!50003 SET character_set_results = utf8 */ ;
/*!50003 SET collation_connection  = utf8_general_ci */ ;
/*!50003 SET @saved_sql_mode       = @@sql_mode */ ;
/*!50003 SET sql_mode              = 'NO_AUTO_VALUE_ON_ZERO' */ ;
DELIMITER ;;
CREATE DEFINER=`root`@`localhost` PROCEDURE `pa_agente_getById`(IN p_id LONG)
BEGIN
	SELECT 
		id, 
        nombre 
    FROM 
		agente 
    WHERE 
		id = p_id;
END ;;
DELIMITER ;
/*!50003 SET sql_mode              = @saved_sql_mode */ ;
/*!50003 SET character_set_client  = @saved_cs_client */ ;
/*!50003 SET character_set_results = @saved_cs_results */ ;
/*!50003 SET collation_connection  = @saved_col_connection */ ;
/*!50003 DROP PROCEDURE IF EXISTS `pa_coche_baja` */;
/*!50003 SET @saved_cs_client      = @@character_set_client */ ;
/*!50003 SET @saved_cs_results     = @@character_set_results */ ;
/*!50003 SET @saved_col_connection = @@collation_connection */ ;
/*!50003 SET character_set_client  = utf8mb4 */ ;
/*!50003 SET character_set_results = utf8mb4 */ ;
/*!50003 SET collation_connection  = utf8mb4_0900_ai_ci */ ;
/*!50003 SET @saved_sql_mode       = @@sql_mode */ ;
/*!50003 SET sql_mode              = 'STRICT_TRANS_TABLES,NO_ENGINE_SUBSTITUTION' */ ;
DELIMITER ;;
CREATE DEFINER=`root`@`localhost` PROCEDURE `pa_coche_baja`(IN p_id LONG, IN p_oper boolean)
BEGIN
IF p_oper = true then
	UPDATE 
		coche 
    SET 
		fecha_baja = CURRENT_TIMESTAMP 
	WHERE 
		id = p_id;
else
	UPDATE 
		coche 
    SET 
		fecha_baja = null
	WHERE 
		id = p_id;

end if;
END ;;
DELIMITER ;
/*!50003 SET sql_mode              = @saved_sql_mode */ ;
/*!50003 SET character_set_client  = @saved_cs_client */ ;
/*!50003 SET character_set_results = @saved_cs_results */ ;
/*!50003 SET collation_connection  = @saved_col_connection */ ;
/*!50003 DROP PROCEDURE IF EXISTS `pa_coche_borrar` */;
/*!50003 SET @saved_cs_client      = @@character_set_client */ ;
/*!50003 SET @saved_cs_results     = @@character_set_results */ ;
/*!50003 SET @saved_col_connection = @@collation_connection */ ;
/*!50003 SET character_set_client  = utf8mb4 */ ;
/*!50003 SET character_set_results = utf8mb4 */ ;
/*!50003 SET collation_connection  = utf8mb4_0900_ai_ci */ ;
/*!50003 SET @saved_sql_mode       = @@sql_mode */ ;
/*!50003 SET sql_mode              = 'STRICT_TRANS_TABLES,NO_ENGINE_SUBSTITUTION' */ ;
DELIMITER ;;
CREATE DEFINER=`root`@`localhost` PROCEDURE `pa_coche_borrar`(IN p_id VARCHAR(50), OUT o_id LONG)
BEGIN
DELETE FROM coche WHERE id = p_id;
SET o_id=last_insert_id();
END ;;
DELIMITER ;
/*!50003 SET sql_mode              = @saved_sql_mode */ ;
/*!50003 SET character_set_client  = @saved_cs_client */ ;
/*!50003 SET character_set_results = @saved_cs_results */ ;
/*!50003 SET collation_connection  = @saved_col_connection */ ;
/*!50003 DROP PROCEDURE IF EXISTS `pa_coche_getAll` */;
/*!50003 SET @saved_cs_client      = @@character_set_client */ ;
/*!50003 SET @saved_cs_results     = @@character_set_results */ ;
/*!50003 SET @saved_col_connection = @@collation_connection */ ;
/*!50003 SET character_set_client  = utf8mb4 */ ;
/*!50003 SET character_set_results = utf8mb4 */ ;
/*!50003 SET collation_connection  = utf8mb4_0900_ai_ci */ ;
/*!50003 SET @saved_sql_mode       = @@sql_mode */ ;
/*!50003 SET sql_mode              = 'STRICT_TRANS_TABLES,NO_ENGINE_SUBSTITUTION' */ ;
DELIMITER ;;
CREATE DEFINER=`root`@`localhost` PROCEDURE `pa_coche_getAll`()
BEGIN
SELECT 
id,
matricula,
modelo,
km,
fecha_baja
FROM coche

ORDER BY id DESC LIMIT 100;
END ;;
DELIMITER ;
/*!50003 SET sql_mode              = @saved_sql_mode */ ;
/*!50003 SET character_set_client  = @saved_cs_client */ ;
/*!50003 SET character_set_results = @saved_cs_results */ ;
/*!50003 SET collation_connection  = @saved_col_connection */ ;
/*!50003 DROP PROCEDURE IF EXISTS `pa_coche_getById` */;
/*!50003 SET @saved_cs_client      = @@character_set_client */ ;
/*!50003 SET @saved_cs_results     = @@character_set_results */ ;
/*!50003 SET @saved_col_connection = @@collation_connection */ ;
/*!50003 SET character_set_client  = utf8mb4 */ ;
/*!50003 SET character_set_results = utf8mb4 */ ;
/*!50003 SET collation_connection  = utf8mb4_0900_ai_ci */ ;
/*!50003 SET @saved_sql_mode       = @@sql_mode */ ;
/*!50003 SET sql_mode              = 'STRICT_TRANS_TABLES,NO_ENGINE_SUBSTITUTION' */ ;
DELIMITER ;;
CREATE DEFINER=`root`@`localhost` PROCEDURE `pa_coche_getById`(IN p_id VARCHAR(50))
BEGIN
SELECT 
id,
matricula,
modelo,
km,
fecha_baja
FROM coche WHERE id = p_id;

END ;;
DELIMITER ;
/*!50003 SET sql_mode              = @saved_sql_mode */ ;
/*!50003 SET character_set_client  = @saved_cs_client */ ;
/*!50003 SET character_set_results = @saved_cs_results */ ;
/*!50003 SET collation_connection  = @saved_col_connection */ ;
/*!50003 DROP PROCEDURE IF EXISTS `pa_coche_getByMatricula` */;
/*!50003 SET @saved_cs_client      = @@character_set_client */ ;
/*!50003 SET @saved_cs_results     = @@character_set_results */ ;
/*!50003 SET @saved_col_connection = @@collation_connection */ ;
/*!50003 SET character_set_client  = utf8mb4 */ ;
/*!50003 SET character_set_results = utf8mb4 */ ;
/*!50003 SET collation_connection  = utf8mb4_0900_ai_ci */ ;
/*!50003 SET @saved_sql_mode       = @@sql_mode */ ;
/*!50003 SET sql_mode              = 'STRICT_TRANS_TABLES,NO_ENGINE_SUBSTITUTION' */ ;
DELIMITER ;;
CREATE DEFINER=`root`@`localhost` PROCEDURE `pa_coche_getByMatricula`(IN p_matricula VARCHAR(50))
BEGIN
SELECT id,matricula,modelo,km,fecha_baja FROM coche WHERE matricula= p_matricula;
END ;;
DELIMITER ;
/*!50003 SET sql_mode              = @saved_sql_mode */ ;
/*!50003 SET character_set_client  = @saved_cs_client */ ;
/*!50003 SET character_set_results = @saved_cs_results */ ;
/*!50003 SET collation_connection  = @saved_col_connection */ ;
/*!50003 DROP PROCEDURE IF EXISTS `pa_coche_insertar` */;
/*!50003 SET @saved_cs_client      = @@character_set_client */ ;
/*!50003 SET @saved_cs_results     = @@character_set_results */ ;
/*!50003 SET @saved_col_connection = @@collation_connection */ ;
/*!50003 SET character_set_client  = utf8mb4 */ ;
/*!50003 SET character_set_results = utf8mb4 */ ;
/*!50003 SET collation_connection  = utf8mb4_0900_ai_ci */ ;
/*!50003 SET @saved_sql_mode       = @@sql_mode */ ;
/*!50003 SET sql_mode              = 'STRICT_TRANS_TABLES,NO_ENGINE_SUBSTITUTION' */ ;
DELIMITER ;;
CREATE DEFINER=`root`@`localhost` PROCEDURE `pa_coche_insertar`(IN p_matricula VARCHAR(255), IN p_modelo VARCHAR(255), IN p_km INT, OUT o_id LONG)
BEGIN
INSERT INTO coche (`matricula`, `modelo`, `km`) VALUES (p_matricula, p_modelo,p_km);
SET o_id=last_insert_id();
END ;;
DELIMITER ;
/*!50003 SET sql_mode              = @saved_sql_mode */ ;
/*!50003 SET character_set_client  = @saved_cs_client */ ;
/*!50003 SET character_set_results = @saved_cs_results */ ;
/*!50003 SET collation_connection  = @saved_col_connection */ ;
/*!50003 DROP PROCEDURE IF EXISTS `pa_coche_update` */;
/*!50003 SET @saved_cs_client      = @@character_set_client */ ;
/*!50003 SET @saved_cs_results     = @@character_set_results */ ;
/*!50003 SET @saved_col_connection = @@collation_connection */ ;
/*!50003 SET character_set_client  = utf8mb4 */ ;
/*!50003 SET character_set_results = utf8mb4 */ ;
/*!50003 SET collation_connection  = utf8mb4_0900_ai_ci */ ;
/*!50003 SET @saved_sql_mode       = @@sql_mode */ ;
/*!50003 SET sql_mode              = 'STRICT_TRANS_TABLES,NO_ENGINE_SUBSTITUTION' */ ;
DELIMITER ;;
CREATE DEFINER=`root`@`localhost` PROCEDURE `pa_coche_update`(IN p_modelo VARCHAR(255),IN p_km int,IN p_id LONG)
BEGIN
	UPDATE 
		coche
    SET 
		modelo = p_modelo,
        km=p_km 
	WHERE 
		id = p_id;

END ;;
DELIMITER ;
/*!50003 SET sql_mode              = @saved_sql_mode */ ;
/*!50003 SET character_set_client  = @saved_cs_client */ ;
/*!50003 SET character_set_results = @saved_cs_results */ ;
/*!50003 SET collation_connection  = @saved_col_connection */ ;
/*!50003 DROP PROCEDURE IF EXISTS `pa_login` */;
/*!50003 SET @saved_cs_client      = @@character_set_client */ ;
/*!50003 SET @saved_cs_results     = @@character_set_results */ ;
/*!50003 SET @saved_col_connection = @@collation_connection */ ;
/*!50003 SET character_set_client  = utf8mb4 */ ;
/*!50003 SET character_set_results = utf8mb4 */ ;
/*!50003 SET collation_connection  = utf8mb4_0900_ai_ci */ ;
/*!50003 SET @saved_sql_mode       = @@sql_mode */ ;
/*!50003 SET sql_mode              = 'STRICT_TRANS_TABLES,NO_ENGINE_SUBSTITUTION' */ ;
DELIMITER ;;
CREATE DEFINER=`root`@`localhost` PROCEDURE `pa_login`(IN p_placa INT, IN p_pass VARCHAR(20))
BEGIN
SELECT 
	a.id,
	a.nombre,
	a.placa,
    a.password
FROM 
	agente as a
WHERE
	a.placa=p_placa AND
    a.password=p_pass;
END ;;
DELIMITER ;
/*!50003 SET sql_mode              = @saved_sql_mode */ ;
/*!50003 SET character_set_client  = @saved_cs_client */ ;
/*!50003 SET character_set_results = @saved_cs_results */ ;
/*!50003 SET collation_connection  = @saved_col_connection */ ;
/*!50003 DROP PROCEDURE IF EXISTS `pa_multa_devuelveTotales` */;
/*!50003 SET @saved_cs_client      = @@character_set_client */ ;
/*!50003 SET @saved_cs_results     = @@character_set_results */ ;
/*!50003 SET @saved_col_connection = @@collation_connection */ ;
/*!50003 SET character_set_client  = utf8mb4 */ ;
/*!50003 SET character_set_results = utf8mb4 */ ;
/*!50003 SET collation_connection  = utf8mb4_0900_ai_ci */ ;
/*!50003 SET @saved_sql_mode       = @@sql_mode */ ;
/*!50003 SET sql_mode              = 'STRICT_TRANS_TABLES,NO_ENGINE_SUBSTITUTION' */ ;
DELIMITER ;;
CREATE DEFINER=`root`@`localhost` PROCEDURE `pa_multa_devuelveTotales`(IN p_opcion varchar(30),IN p_idagente LONG,IN p_anio INTEGER,IN p_mes INTEGER,OUT o_total FLOAT)
BEGIN
IF p_opcion='totalMensualAnio' then
	SELECT
		round(sum(importe)) INTO o_total
	FROM
		multa
    WHERE
		id_agente=p_idagente AND
        month(fecha_alta)=p_mes AND
        year(fecha_alta)=p_anio AND
        fecha_baja is null;
elseif p_opcion='totalAnual' then
	SELECT
		round(sum(importe)) INTO o_total
	FROM
		multa
    WHERE
		id_agente=p_idagente AND
        year(fecha_alta)=p_anio AND
        fecha_baja is null;
end if;

END ;;
DELIMITER ;
/*!50003 SET sql_mode              = @saved_sql_mode */ ;
/*!50003 SET character_set_client  = @saved_cs_client */ ;
/*!50003 SET character_set_results = @saved_cs_results */ ;
/*!50003 SET collation_connection  = @saved_col_connection */ ;
/*!50003 DROP PROCEDURE IF EXISTS `pa_multa_getByAgenteId` */;
/*!50003 SET @saved_cs_client      = @@character_set_client */ ;
/*!50003 SET @saved_cs_results     = @@character_set_results */ ;
/*!50003 SET @saved_col_connection = @@collation_connection */ ;
/*!50003 SET character_set_client  = utf8mb4 */ ;
/*!50003 SET character_set_results = utf8mb4 */ ;
/*!50003 SET collation_connection  = utf8mb4_0900_ai_ci */ ;
/*!50003 SET @saved_sql_mode       = @@sql_mode */ ;
/*!50003 SET sql_mode              = 'STRICT_TRANS_TABLES,NO_ENGINE_SUBSTITUTION' */ ;
DELIMITER ;;
CREATE DEFINER=`root`@`localhost` PROCEDURE `pa_multa_getByAgenteId`(IN p_id_agente INT, IN p_operacion VARCHAR(15))
BEGIN

IF p_operacion = 'baja' then
	SELECT 
		m.id,
		m.fecha_alta, 
		m.fecha_baja,
		c.matricula, 
		c.modelo 
	FROM 
		multa m, 
		coche c 
	WHERE 
		m.id_coche = c.id AND 
		m.id_agente = p_id_agente AND
		m.fecha_baja IS NOT NULL
	ORDER BY m.id DESC LIMIT 1000;
            
else
	SELECT 
		m.id,
		m.fecha_alta, 
		m.fecha_baja,
		c.matricula, 
		c.modelo 
	FROM 
		multa m, 
		coche c 
	WHERE 
		m.id_coche = c.id AND 
		m.id_agente = p_id_agente AND
		m.fecha_baja IS NULL
	ORDER BY m.id DESC LIMIT 1000;
end if;
END ;;
DELIMITER ;
/*!50003 SET sql_mode              = @saved_sql_mode */ ;
/*!50003 SET character_set_client  = @saved_cs_client */ ;
/*!50003 SET character_set_results = @saved_cs_results */ ;
/*!50003 SET collation_connection  = @saved_col_connection */ ;
/*!50003 DROP PROCEDURE IF EXISTS `pa_multa_getById` */;
/*!50003 SET @saved_cs_client      = @@character_set_client */ ;
/*!50003 SET @saved_cs_results     = @@character_set_results */ ;
/*!50003 SET @saved_col_connection = @@collation_connection */ ;
/*!50003 SET character_set_client  = utf8mb4 */ ;
/*!50003 SET character_set_results = utf8mb4 */ ;
/*!50003 SET collation_connection  = utf8mb4_0900_ai_ci */ ;
/*!50003 SET @saved_sql_mode       = @@sql_mode */ ;
/*!50003 SET sql_mode              = 'STRICT_TRANS_TABLES,NO_ENGINE_SUBSTITUTION' */ ;
DELIMITER ;;
CREATE DEFINER=`root`@`localhost` PROCEDURE `pa_multa_getById`(IN p_id_multa LONG)
BEGIN
SELECT
	m.id, 
    id_agente,
    id_coche,
    fecha_alta,
    fecha_baja, 
    importe, 
    concepto,
    c.matricula,
    c.modelo,
    c.km
FROM 
	multa as m,
    coche as c
WHERE 
	m.id_coche=c.id AND
    m.id = p_id_multa;
END ;;
DELIMITER ;
/*!50003 SET sql_mode              = @saved_sql_mode */ ;
/*!50003 SET character_set_client  = @saved_cs_client */ ;
/*!50003 SET character_set_results = @saved_cs_results */ ;
/*!50003 SET collation_connection  = @saved_col_connection */ ;
/*!50003 DROP PROCEDURE IF EXISTS `pa_multa_insert` */;
/*!50003 SET @saved_cs_client      = @@character_set_client */ ;
/*!50003 SET @saved_cs_results     = @@character_set_results */ ;
/*!50003 SET @saved_col_connection = @@collation_connection */ ;
/*!50003 SET character_set_client  = utf8 */ ;
/*!50003 SET character_set_results = utf8 */ ;
/*!50003 SET collation_connection  = utf8_general_ci */ ;
/*!50003 SET @saved_sql_mode       = @@sql_mode */ ;
/*!50003 SET sql_mode              = 'NO_AUTO_VALUE_ON_ZERO' */ ;
DELIMITER ;;
CREATE DEFINER=`root`@`localhost` PROCEDURE `pa_multa_insert`(IN p_importe FLOAT, IN p_concepto VARCHAR(255), IN p_id_coche LONG, IN p_id_agente LONG, OUT o_id LONG)
BEGIN
INSERT INTO multa (`importe`, `concepto`, `id_coche`, `id_agente`) VALUES (p_importe, p_concepto, p_id_coche, p_id_agente);

SET o_id=last_insert_id();

END ;;
DELIMITER ;
/*!50003 SET sql_mode              = @saved_sql_mode */ ;
/*!50003 SET character_set_client  = @saved_cs_client */ ;
/*!50003 SET character_set_results = @saved_cs_results */ ;
/*!50003 SET collation_connection  = @saved_col_connection */ ;
/*!50003 DROP PROCEDURE IF EXISTS `pa_multa_update` */;
/*!50003 SET @saved_cs_client      = @@character_set_client */ ;
/*!50003 SET @saved_cs_results     = @@character_set_results */ ;
/*!50003 SET @saved_col_connection = @@collation_connection */ ;
/*!50003 SET character_set_client  = utf8mb4 */ ;
/*!50003 SET character_set_results = utf8mb4 */ ;
/*!50003 SET collation_connection  = utf8mb4_0900_ai_ci */ ;
/*!50003 SET @saved_sql_mode       = @@sql_mode */ ;
/*!50003 SET sql_mode              = 'STRICT_TRANS_TABLES,NO_ENGINE_SUBSTITUTION' */ ;
DELIMITER ;;
CREATE DEFINER=`root`@`localhost` PROCEDURE `pa_multa_update`(IN p_id LONG, IN p_oper VARCHAR(15))
BEGIN
IF p_oper = 'recuperar' then
	UPDATE 
		multa 
    SET 
		fecha_baja = NULL,
        fecha_mod = CURRENT_TIMESTAMP 
	WHERE 
		id = p_id;
else
	UPDATE 
		multa 
    SET 
		fecha_baja = CURRENT_TIMESTAMP  
	WHERE 
		id = p_id;
end if;
END ;;
DELIMITER ;
/*!50003 SET sql_mode              = @saved_sql_mode */ ;
/*!50003 SET character_set_client  = @saved_cs_client */ ;
/*!50003 SET character_set_results = @saved_cs_results */ ;
/*!50003 SET collation_connection  = @saved_col_connection */ ;
/*!40103 SET TIME_ZONE=@OLD_TIME_ZONE */;

/*!40101 SET SQL_MODE=@OLD_SQL_MODE */;
/*!40014 SET FOREIGN_KEY_CHECKS=@OLD_FOREIGN_KEY_CHECKS */;
/*!40014 SET UNIQUE_CHECKS=@OLD_UNIQUE_CHECKS */;
/*!40101 SET CHARACTER_SET_CLIENT=@OLD_CHARACTER_SET_CLIENT */;
/*!40101 SET CHARACTER_SET_RESULTS=@OLD_CHARACTER_SET_RESULTS */;
/*!40101 SET COLLATION_CONNECTION=@OLD_COLLATION_CONNECTION */;
/*!40111 SET SQL_NOTES=@OLD_SQL_NOTES */;

-- Dump completed on 2019-01-29 13:58:01
